{
  "lr": {
    "threshold": 0.41669096204577016,
    "roc_auc": 0.8331308411214953,
    "pr_auc": 0.7178374102911171,
    "accuracy": 0.7198697068403909,
    "precision": 0.5695364238410596,
    "recall": 0.8037383177570093,
    "f1": 0.6666666666666666,
    "confusion_matrix": [
      [
        270,
        130
      ],
      [
        42,
        172
      ]
    ],
    "cv_threshold": 0.41669096204577016
  },
  "rf": {
    "threshold": 0.2975,
    "roc_auc": 0.8215011682242991,
    "pr_auc": 0.7082686652625211,
    "accuracy": 0.7296416938110749,
    "precision": 0.581081081081081,
    "recall": 0.8037383177570093,
    "f1": 0.6745098039215687,
    "confusion_matrix": [
      [
        276,
        124
      ],
      [
        42,
        172
      ]
    ],
    "cv_threshold": 0.2975
  },
  "svm": {
    "threshold": 0.30077319747174047,
    "roc_auc": 0.8355957943925233,
    "pr_auc": 0.6929848510113824,
    "accuracy": 0.749185667752443,
    "precision": 0.6056338028169014,
    "recall": 0.8037383177570093,
    "f1": 0.6907630522088354,
    "confusion_matrix": [
      [
        288,
        112
      ],
      [
        42,
        172
      ]
    ],
    "cv_threshold": 0.30077319747174047
  },
  "mlp_32x16": {
    "threshold": 0.1435725184534212,
    "roc_auc": 0.49639018691588777,
    "pr_auc": 0.3729219603243029,
    "accuracy": 0.3550488599348534,
    "precision": 0.3269961977186312,
    "recall": 0.8037383177570093,
    "f1": 0.4648648648648649,
    "confusion_matrix": [
      [
        46,
        354
      ],
      [
        42,
        172
      ]
    ],
    "cv_threshold": 0.1435725184534212
  },
  "mlp_64x32": {
    "threshold": 0.35946536698833076,
    "roc_auc": 0.8145093457943926,
    "pr_auc": 0.6662657156569213,
    "accuracy": 0.7084690553745928,
    "precision": 0.5566343042071198,
    "recall": 0.8037383177570093,
    "f1": 0.6577437858508605,
    "confusion_matrix": [
      [
        263,
        137
      ],
      [
        42,
        172
      ]
    ],
    "cv_threshold": 0.35946536698833076
  },
  "tabtr": {
    "threshold": 0.500027596950531,
    "roc_auc": 0.7260046728971963,
    "pr_auc": 0.6419890649245613,
    "accuracy": 0.5130293159609121,
    "precision": 0.40093240093240096,
    "recall": 0.8037383177570093,
    "f1": 0.5349922239502333,
    "confusion_matrix": [
      [
        143,
        257
      ],
      [
        42,
        172
      ]
    ],
    "cv_threshold": 0.500027596950531
  }
}